Label,Taste,Count,Fraction
1,bitter,3005,0.23650243979222416
2,sweet,2635,0.20738233905241618
3,umami,328,0.025814575790964897
4,salty,28,0.002203683299228711
5,sour,1700,0.13379505745317172
6,tasteless,5010,0.3943019046119943
